-- phpMyAdmin SQL Dump
-- version 5.0.2
-- https://www.phpmyadmin.net/
--
-- Host: 127.0.0.1
-- Generation Time: Nov 26, 2022 at 08:21 AM
-- Server version: 10.4.14-MariaDB
-- PHP Version: 7.4.9

SET SQL_MODE = "NO_AUTO_VALUE_ON_ZERO";
START TRANSACTION;
SET time_zone = "+00:00";


/*!40101 SET @OLD_CHARACTER_SET_CLIENT=@@CHARACTER_SET_CLIENT */;
/*!40101 SET @OLD_CHARACTER_SET_RESULTS=@@CHARACTER_SET_RESULTS */;
/*!40101 SET @OLD_COLLATION_CONNECTION=@@COLLATION_CONNECTION */;
/*!40101 SET NAMES utf8mb4 */;

--
-- Database: `invoices`
--

-- --------------------------------------------------------

--
-- Table structure for table `failed_jobs`
--

CREATE TABLE `failed_jobs` (
  `id` bigint(20) UNSIGNED NOT NULL,
  `connection` text COLLATE utf8mb4_unicode_ci NOT NULL,
  `queue` text COLLATE utf8mb4_unicode_ci NOT NULL,
  `payload` longtext COLLATE utf8mb4_unicode_ci NOT NULL,
  `exception` longtext COLLATE utf8mb4_unicode_ci NOT NULL,
  `failed_at` timestamp NOT NULL DEFAULT current_timestamp()
) ENGINE=InnoDB DEFAULT CHARSET=utf8mb4 COLLATE=utf8mb4_unicode_ci;

-- --------------------------------------------------------

--
-- Table structure for table `invoices`
--

CREATE TABLE `invoices` (
  `id` bigint(20) UNSIGNED NOT NULL,
  `invoice_number` varchar(50) COLLATE utf8mb4_unicode_ci NOT NULL,
  `invoice_date` date DEFAULT NULL,
  `due_date` date DEFAULT NULL,
  `product` varchar(50) COLLATE utf8mb4_unicode_ci NOT NULL,
  `section_id` bigint(20) UNSIGNED NOT NULL,
  `amount_collection` decimal(8,2) DEFAULT NULL,
  `amount_commission` decimal(8,2) NOT NULL,
  `discount` decimal(8,2) NOT NULL,
  `value_vat` decimal(8,2) NOT NULL,
  `rate_vat` varchar(999) COLLATE utf8mb4_unicode_ci NOT NULL,
  `total` decimal(8,2) NOT NULL,
  `status` varchar(50) COLLATE utf8mb4_unicode_ci NOT NULL,
  `value_status` int(11) NOT NULL,
  `note` text COLLATE utf8mb4_unicode_ci DEFAULT NULL,
  `payment_date` date DEFAULT NULL,
  `deleted_at` timestamp NULL DEFAULT NULL,
  `created_at` timestamp NULL DEFAULT NULL,
  `updated_at` timestamp NULL DEFAULT NULL
) ENGINE=InnoDB DEFAULT CHARSET=utf8mb4 COLLATE=utf8mb4_unicode_ci;

--
-- Dumping data for table `invoices`
--

INSERT INTO `invoices` (`id`, `invoice_number`, `invoice_date`, `due_date`, `product`, `section_id`, `amount_collection`, `amount_commission`, `discount`, `value_vat`, `rate_vat`, `total`, `status`, `value_status`, `note`, `payment_date`, `deleted_at`, `created_at`, `updated_at`) VALUES
(1, 'invoice 1', NULL, '2022-11-28', 'product 1', 1, '50000.00', '1000.00', '500.00', '50.00', '10%', '550.00', 'غير مدفوعة', 2, 'note 1', NULL, NULL, '2022-11-26 05:13:52', '2022-11-26 05:13:52'),
(2, 'invoice 2', NULL, '2022-11-30', 'product 4', 2, '60000.00', '5500.00', '1000.00', '450.00', '10%', '4950.00', 'غير مدفوعة', 2, 'note 2', NULL, NULL, '2022-11-26 05:20:56', '2022-11-26 05:20:56');

-- --------------------------------------------------------

--
-- Table structure for table `invoices_details`
--

CREATE TABLE `invoices_details` (
  `id` bigint(20) UNSIGNED NOT NULL,
  `id_invoice` bigint(20) UNSIGNED NOT NULL,
  `invoice_number` varchar(50) COLLATE utf8mb4_unicode_ci NOT NULL,
  `product` varchar(50) COLLATE utf8mb4_unicode_ci NOT NULL,
  `section` varchar(999) COLLATE utf8mb4_unicode_ci NOT NULL,
  `status` varchar(50) COLLATE utf8mb4_unicode_ci NOT NULL,
  `value_status` int(11) NOT NULL,
  `note` text COLLATE utf8mb4_unicode_ci DEFAULT NULL,
  `user` varchar(50) COLLATE utf8mb4_unicode_ci NOT NULL,
  `created_at` timestamp NULL DEFAULT NULL,
  `updated_at` timestamp NULL DEFAULT NULL
) ENGINE=InnoDB DEFAULT CHARSET=utf8mb4 COLLATE=utf8mb4_unicode_ci;

--
-- Dumping data for table `invoices_details`
--

INSERT INTO `invoices_details` (`id`, `id_invoice`, `invoice_number`, `product`, `section`, `status`, `value_status`, `note`, `user`, `created_at`, `updated_at`) VALUES
(1, 1, 'invoice 1', 'product 1', '1', 'غير مدفوعة', 2, 'note 1', 'ayman', '2022-11-26 05:13:52', '2022-11-26 05:13:52'),
(2, 2, 'invoice 2', 'product 4', '2', 'غير مدفوعة', 2, 'note 2', 'ayman', '2022-11-26 05:20:56', '2022-11-26 05:20:56');

-- --------------------------------------------------------

--
-- Table structure for table `invoice_attachments`
--

CREATE TABLE `invoice_attachments` (
  `id` bigint(20) UNSIGNED NOT NULL,
  `file_name` varchar(999) COLLATE utf8mb4_unicode_ci NOT NULL,
  `invoice_number` varchar(50) COLLATE utf8mb4_unicode_ci NOT NULL,
  `created_by` varchar(999) COLLATE utf8mb4_unicode_ci NOT NULL,
  `invoice_id` bigint(20) UNSIGNED DEFAULT NULL,
  `created_at` timestamp NULL DEFAULT NULL,
  `updated_at` timestamp NULL DEFAULT NULL
) ENGINE=InnoDB DEFAULT CHARSET=utf8mb4 COLLATE=utf8mb4_unicode_ci;

--
-- Dumping data for table `invoice_attachments`
--

INSERT INTO `invoice_attachments` (`id`, `file_name`, `invoice_number`, `created_by`, `invoice_id`, `created_at`, `updated_at`) VALUES
(1, 'pexels-pixabay-268533.jpg', 'invoice 1', 'ayman', 1, '2022-11-26 05:13:52', '2022-11-26 05:13:52'),
(2, 'beautiful-rain-forest-ang-ka-nature-trail-doi-inthanon-national-park-thailand-36703721.jpg', 'invoice 2', 'ayman', 2, '2022-11-26 05:20:56', '2022-11-26 05:20:56');

-- --------------------------------------------------------

--
-- Table structure for table `migrations`
--

CREATE TABLE `migrations` (
  `id` int(10) UNSIGNED NOT NULL,
  `migration` varchar(255) COLLATE utf8mb4_unicode_ci NOT NULL,
  `batch` int(11) NOT NULL
) ENGINE=InnoDB DEFAULT CHARSET=utf8mb4 COLLATE=utf8mb4_unicode_ci;

--
-- Dumping data for table `migrations`
--

INSERT INTO `migrations` (`id`, `migration`, `batch`) VALUES
(1, '2014_10_12_000000_create_users_table', 1),
(2, '2014_10_12_100000_create_password_resets_table', 1),
(3, '2019_08_19_000000_create_failed_jobs_table', 1),
(4, '2022_09_30_142536_create_sections_table', 1),
(5, '2022_10_02_134433_create_products_table', 1),
(6, '2022_10_02_153123_create_invoices_table', 1),
(7, '2022_10_18_132110_create_invoices_details_table', 1),
(8, '2022_10_18_133035_create_invoice_attachments_table', 1);

-- --------------------------------------------------------

--
-- Table structure for table `password_resets`
--

CREATE TABLE `password_resets` (
  `email` varchar(255) COLLATE utf8mb4_unicode_ci NOT NULL,
  `token` varchar(255) COLLATE utf8mb4_unicode_ci NOT NULL,
  `created_at` timestamp NULL DEFAULT NULL
) ENGINE=InnoDB DEFAULT CHARSET=utf8mb4 COLLATE=utf8mb4_unicode_ci;

-- --------------------------------------------------------

--
-- Table structure for table `products`
--

CREATE TABLE `products` (
  `id` bigint(20) UNSIGNED NOT NULL,
  `product_name` varchar(255) COLLATE utf8mb4_unicode_ci NOT NULL,
  `description` text COLLATE utf8mb4_unicode_ci DEFAULT NULL,
  `section_id` bigint(20) UNSIGNED NOT NULL,
  `created_at` timestamp NULL DEFAULT NULL,
  `updated_at` timestamp NULL DEFAULT NULL
) ENGINE=InnoDB DEFAULT CHARSET=utf8mb4 COLLATE=utf8mb4_unicode_ci;

--
-- Dumping data for table `products`
--

INSERT INTO `products` (`id`, `product_name`, `description`, `section_id`, `created_at`, `updated_at`) VALUES
(1, 'product 1', '1111111111', 1, '2022-11-26 04:59:57', '2022-11-26 04:59:57'),
(2, 'product 2', '222222222222', 1, '2022-11-26 05:00:07', '2022-11-26 05:00:07'),
(3, 'product 3', '3333333333', 1, '2022-11-26 05:00:16', '2022-11-26 05:00:16'),
(4, 'product 4', '44444444444', 2, '2022-11-26 05:00:26', '2022-11-26 05:00:26');

-- --------------------------------------------------------

--
-- Table structure for table `sections`
--

CREATE TABLE `sections` (
  `id` bigint(20) UNSIGNED NOT NULL,
  `section_name` varchar(100) COLLATE utf8mb4_unicode_ci NOT NULL,
  `description` text COLLATE utf8mb4_unicode_ci DEFAULT NULL,
  `created_by` varchar(999) COLLATE utf8mb4_unicode_ci NOT NULL,
  `created_at` timestamp NULL DEFAULT NULL,
  `updated_at` timestamp NULL DEFAULT NULL
) ENGINE=InnoDB DEFAULT CHARSET=utf8mb4 COLLATE=utf8mb4_unicode_ci;

--
-- Dumping data for table `sections`
--

INSERT INTO `sections` (`id`, `section_name`, `description`, `created_by`, `created_at`, `updated_at`) VALUES
(1, 'section 1', 'aaaaaaaaa', 'ayman', '2022-11-26 04:59:28', '2022-11-26 04:59:28'),
(2, 'section 2', 'bbbbbbbbbbbb', 'ayman', '2022-11-26 04:59:36', '2022-11-26 04:59:36'),
(3, 'section 3', 'ccccccccc', 'ayman', '2022-11-26 04:59:43', '2022-11-26 04:59:43');

-- --------------------------------------------------------

--
-- Table structure for table `users`
--

CREATE TABLE `users` (
  `id` bigint(20) UNSIGNED NOT NULL,
  `name` varchar(255) COLLATE utf8mb4_unicode_ci NOT NULL,
  `email` varchar(255) COLLATE utf8mb4_unicode_ci NOT NULL,
  `email_verified_at` timestamp NULL DEFAULT NULL,
  `password` varchar(255) COLLATE utf8mb4_unicode_ci NOT NULL,
  `remember_token` varchar(100) COLLATE utf8mb4_unicode_ci DEFAULT NULL,
  `created_at` timestamp NULL DEFAULT NULL,
  `updated_at` timestamp NULL DEFAULT NULL
) ENGINE=InnoDB DEFAULT CHARSET=utf8mb4 COLLATE=utf8mb4_unicode_ci;

--
-- Dumping data for table `users`
--

INSERT INTO `users` (`id`, `name`, `email`, `email_verified_at`, `password`, `remember_token`, `created_at`, `updated_at`) VALUES
(1, 'ayman', 'aymanabdelmalak11@gmail.com', NULL, '$2y$10$zyqnPBvjKlhIZXnjEIHXMeBEQVRKUkFsegkbmWD4ls5g0WbsqtLX.', NULL, '2022-11-26 04:58:50', '2022-11-26 04:58:50');

--
-- Indexes for dumped tables
--

--
-- Indexes for table `failed_jobs`
--
ALTER TABLE `failed_jobs`
  ADD PRIMARY KEY (`id`);

--
-- Indexes for table `invoices`
--
ALTER TABLE `invoices`
  ADD PRIMARY KEY (`id`),
  ADD KEY `invoices_section_id_foreign` (`section_id`);

--
-- Indexes for table `invoices_details`
--
ALTER TABLE `invoices_details`
  ADD PRIMARY KEY (`id`),
  ADD KEY `invoices_details_id_invoice_foreign` (`id_invoice`);

--
-- Indexes for table `invoice_attachments`
--
ALTER TABLE `invoice_attachments`
  ADD PRIMARY KEY (`id`),
  ADD KEY `invoice_attachments_invoice_id_foreign` (`invoice_id`);

--
-- Indexes for table `migrations`
--
ALTER TABLE `migrations`
  ADD PRIMARY KEY (`id`);

--
-- Indexes for table `password_resets`
--
ALTER TABLE `password_resets`
  ADD KEY `password_resets_email_index` (`email`);

--
-- Indexes for table `products`
--
ALTER TABLE `products`
  ADD PRIMARY KEY (`id`),
  ADD KEY `products_section_id_foreign` (`section_id`);

--
-- Indexes for table `sections`
--
ALTER TABLE `sections`
  ADD PRIMARY KEY (`id`);

--
-- Indexes for table `users`
--
ALTER TABLE `users`
  ADD PRIMARY KEY (`id`),
  ADD UNIQUE KEY `users_email_unique` (`email`);

--
-- AUTO_INCREMENT for dumped tables
--

--
-- AUTO_INCREMENT for table `failed_jobs`
--
ALTER TABLE `failed_jobs`
  MODIFY `id` bigint(20) UNSIGNED NOT NULL AUTO_INCREMENT;

--
-- AUTO_INCREMENT for table `invoices`
--
ALTER TABLE `invoices`
  MODIFY `id` bigint(20) UNSIGNED NOT NULL AUTO_INCREMENT, AUTO_INCREMENT=3;

--
-- AUTO_INCREMENT for table `invoices_details`
--
ALTER TABLE `invoices_details`
  MODIFY `id` bigint(20) UNSIGNED NOT NULL AUTO_INCREMENT, AUTO_INCREMENT=3;

--
-- AUTO_INCREMENT for table `invoice_attachments`
--
ALTER TABLE `invoice_attachments`
  MODIFY `id` bigint(20) UNSIGNED NOT NULL AUTO_INCREMENT, AUTO_INCREMENT=3;

--
-- AUTO_INCREMENT for table `migrations`
--
ALTER TABLE `migrations`
  MODIFY `id` int(10) UNSIGNED NOT NULL AUTO_INCREMENT, AUTO_INCREMENT=9;

--
-- AUTO_INCREMENT for table `products`
--
ALTER TABLE `products`
  MODIFY `id` bigint(20) UNSIGNED NOT NULL AUTO_INCREMENT, AUTO_INCREMENT=5;

--
-- AUTO_INCREMENT for table `sections`
--
ALTER TABLE `sections`
  MODIFY `id` bigint(20) UNSIGNED NOT NULL AUTO_INCREMENT, AUTO_INCREMENT=4;

--
-- AUTO_INCREMENT for table `users`
--
ALTER TABLE `users`
  MODIFY `id` bigint(20) UNSIGNED NOT NULL AUTO_INCREMENT, AUTO_INCREMENT=2;

--
-- Constraints for dumped tables
--

--
-- Constraints for table `invoices`
--
ALTER TABLE `invoices`
  ADD CONSTRAINT `invoices_section_id_foreign` FOREIGN KEY (`section_id`) REFERENCES `sections` (`id`) ON DELETE CASCADE;

--
-- Constraints for table `invoices_details`
--
ALTER TABLE `invoices_details`
  ADD CONSTRAINT `invoices_details_id_invoice_foreign` FOREIGN KEY (`id_invoice`) REFERENCES `invoices` (`id`) ON DELETE CASCADE;

--
-- Constraints for table `invoice_attachments`
--
ALTER TABLE `invoice_attachments`
  ADD CONSTRAINT `invoice_attachments_invoice_id_foreign` FOREIGN KEY (`invoice_id`) REFERENCES `invoices` (`id`) ON DELETE CASCADE;

--
-- Constraints for table `products`
--
ALTER TABLE `products`
  ADD CONSTRAINT `products_section_id_foreign` FOREIGN KEY (`section_id`) REFERENCES `sections` (`id`) ON DELETE CASCADE;
COMMIT;

/*!40101 SET CHARACTER_SET_CLIENT=@OLD_CHARACTER_SET_CLIENT */;
/*!40101 SET CHARACTER_SET_RESULTS=@OLD_CHARACTER_SET_RESULTS */;
/*!40101 SET COLLATION_CONNECTION=@OLD_COLLATION_CONNECTION */;
